City_ID,City,Country,Lat,Lng,Max Temp,Humidity,Cloudiness,Wind Speed,Weather Description
0,Khatanga,RU,71.9667,102.5,5.02,83,7,9.89,clear sky
1,Busselton,AU,-33.65,115.3333,72.12,45,0,12.21,clear sky
2,Airai,TL,-8.9266,125.4092,67.86,81,73,1.95,broken clouds
3,Jamestown,US,42.097,-79.2353,38.17,65,20,6.91,few clouds
4,Vaini,TO,-21.2,-175.2,73.56,94,20,4.61,few clouds
5,Georgetown,MY,5.4112,100.3354,85.95,75,20,2.3,few clouds
6,Bluff,NZ,-46.6,168.3333,60.76,85,100,7.45,moderate rain
7,Nautla,MX,20.2167,-96.7833,75.09,86,7,6.4,clear sky
8,Punta Arenas,CL,-53.15,-70.9167,37.51,81,20,25.32,few clouds
9,Bredasdorp,ZA,-34.5322,20.0403,68.65,51,30,18.99,scattered clouds
10,San Cristobal,VE,7.7669,-72.225,65.23,90,100,2.39,overcast clouds
11,Caravelas,BR,-17.7125,-39.2481,74.57,88,19,2.21,few clouds
12,Pevek,RU,69.7008,170.3133,-15.18,99,16,2.51,few clouds
13,Dikson,RU,73.5069,80.5464,6.51,79,100,18.41,overcast clouds
14,Maceio,BR,-9.6658,-35.7353,72.84,94,40,3.44,scattered clouds
15,Marrakesh,MA,31.6315,-8.0083,50.07,81,75,10.36,broken clouds
16,Saskylakh,RU,71.9167,114.0833,-3.53,95,100,5.57,overcast clouds
17,Thompson,CA,55.7435,-97.8558,24.96,80,0,4.61,clear sky
18,Makanya,TZ,-4.3667,37.8333,84.27,54,35,2.06,scattered clouds
19,Deputatskiy,RU,69.3,139.9,-4.27,99,97,2.55,overcast clouds
20,Pachino,IT,36.7186,15.0907,57.81,72,3,21.63,clear sky
21,Saint-Philippe,RE,-21.3585,55.7679,83.79,84,87,10.74,light rain
22,Ampanihy,MG,-24.7,44.75,92.16,35,2,8.88,clear sky
23,Upernavik,GL,72.7868,-56.1549,15.75,88,99,6.13,overcast clouds
24,Faanui,PF,-16.4833,-151.75,82.69,77,98,20.15,overcast clouds
25,Kupang,ID,-10.1667,123.5833,83.28,71,41,4.07,scattered clouds
26,Nuuk,GL,64.1835,-51.7216,29.01,100,75,9.22,broken clouds
27,Hilo,US,19.7297,-155.09,71.33,86,100,5.75,light rain
28,Saint George,US,37.1041,-113.5841,63.19,26,0,3.44,clear sky
29,Czersk,PL,53.7959,17.9765,36.46,76,99,17.54,overcast clouds
30,Mataura,NZ,-46.1927,168.8643,58.71,93,98,3.33,overcast clouds
31,Rikitea,PF,-23.1203,-134.9692,78.48,68,25,13.27,scattered clouds
32,Makakilo City,US,21.3469,-158.0858,73.72,69,0,9.22,clear sky
33,Kloulklubed,PW,7.0419,134.2556,82.9,72,27,7.81,scattered clouds
34,Aykhal,RU,66.0,111.5,10.74,77,100,5.12,overcast clouds
35,Yellowknife,CA,62.456,-114.3525,30.29,84,20,5.75,few clouds
36,Kirakira,SB,-10.4544,161.9205,79.09,88,100,10.49,moderate rain
37,Hobart,AU,-42.8794,147.3294,55.26,65,75,17.27,broken clouds
38,Severo-Kurilsk,RU,50.6789,156.125,35.6,72,7,8.68,clear sky
39,Kapaa,US,22.0752,-159.319,73.72,83,40,14.97,scattered clouds
40,Chunskiy,RU,56.0815,99.6342,34.56,87,100,7.43,overcast clouds
41,Tazovskiy,RU,67.4667,78.7,31.19,96,100,11.72,overcast clouds
42,Avarua,CK,-21.2078,-159.775,73.45,100,55,1.14,broken clouds
43,Gushikawa,JP,26.3544,127.8686,70.63,50,0,8.05,clear sky
44,Mar Del Plata,AR,-38.0023,-57.5575,54.88,64,0,9.22,clear sky
45,Sioux Lookout,CA,50.1001,-91.917,28.47,93,0,5.75,clear sky
46,Vestmanna,FO,62.1564,-7.1664,29.32,74,75,4.61,broken clouds
47,Trinidad,BO,-14.8333,-64.9,71.42,95,91,1.43,overcast clouds
48,Ribeira Grande,PT,38.5167,-28.7,55.8,88,40,4.61,scattered clouds
49,Ushuaia,AR,-54.8,-68.3,35.26,87,100,16.11,snow
50,Xuddur,SO,4.1213,43.8894,91.9,32,2,14.79,clear sky
51,Rio Grande,BR,-32.035,-52.0986,51.94,74,0,8.48,clear sky
52,Paita,PE,-5.0892,-81.1144,70.83,79,50,9.42,scattered clouds
53,Cape Town,ZA,-33.9258,18.4232,62.89,88,75,13.8,broken clouds
54,Albany,US,42.6001,-73.9662,34.52,84,16,3.04,few clouds
55,Buraydah,SA,26.326,43.975,86.45,8,0,8.63,clear sky
56,Qasigiannguit,GL,68.8193,-51.1922,25.05,82,43,3.94,scattered clouds
57,Longyearbyen,SJ,78.2186,15.6401,12.04,57,12,16.11,few clouds
58,Pangnirtung,CA,66.1451,-65.7125,2.64,94,100,1.92,overcast clouds
59,Binabalian,PH,16.4202,119.9279,82.09,75,95,15.55,overcast clouds
60,Morondava,MG,-20.2833,44.2833,83.48,58,0,3.78,clear sky
61,Nanakuli,US,21.3906,-158.1547,75.15,68,0,3.44,clear sky
62,Cabo San Lucas,MX,22.8909,-109.9124,68.61,83,50,9.46,scattered clouds
63,Tamandare,BR,-8.7597,-35.1047,75.45,80,100,2.68,overcast clouds
64,Bethel,US,41.3712,-73.414,39.94,79,0,0.0,clear sky
65,New Norfolk,AU,-42.7826,147.0587,54.9,63,100,3.0,overcast clouds
66,Palmito,CO,9.3333,-75.55,77.99,91,99,6.73,overcast clouds
67,Niquelandia,BR,-14.4739,-48.4597,72.34,60,85,2.33,overcast clouds
68,Leiyang,CN,26.4024,112.8591,65.53,68,75,4.92,broken clouds
69,Tasiilaq,GL,65.6145,-37.6368,12.36,92,88,2.26,overcast clouds
70,Beringovskiy,RU,63.05,179.3167,-5.3,86,100,12.84,overcast clouds
71,Mayahi,NE,13.9553,7.6712,90.93,7,99,5.39,overcast clouds
72,Nyrob,RU,60.733,56.7202,26.42,87,100,7.96,overcast clouds
73,Qaanaaq,GL,77.484,-69.3632,25.75,84,100,5.79,overcast clouds
74,Soyo,AO,-6.1349,12.3689,80.01,81,100,8.79,overcast clouds
75,Lahaina,US,20.8783,-156.6825,73.81,89,100,7.83,overcast clouds
76,Tautira,PF,-17.7333,-149.15,82.36,77,59,17.87,light rain
77,Chuy,UY,-33.6971,-53.4616,50.5,72,0,3.04,clear sky
78,Horsham,GB,51.064,-0.3272,54.52,84,75,12.66,broken clouds
79,Guerrero Negro,MX,27.9769,-114.0611,57.76,93,7,10.78,clear sky
80,Arraial Do Cabo,BR,-22.9661,-42.0278,75.42,89,99,12.41,overcast clouds
81,Opuwo,NA,-18.0607,13.84,71.87,48,9,1.48,clear sky
82,Labuhan,ID,-6.8844,112.2051,84.99,67,83,4.0,broken clouds
83,Castro,BR,-24.7911,-50.0119,60.39,98,66,1.32,broken clouds
84,Farah,AF,32.5,62.5,88.97,5,0,4.88,clear sky
85,Tiksi,RU,71.6872,128.8694,-0.9,93,100,3.44,overcast clouds
86,Shingu,JP,33.7333,135.9833,60.46,61,90,6.38,overcast clouds
87,Aswan,EG,24.0934,32.907,94.3,15,0,8.05,clear sky
88,Lerwick,GB,60.1545,-1.1494,37.4,58,100,12.71,overcast clouds
89,Humboldt,US,40.6665,-123.9178,36.72,98,44,1.99,scattered clouds
90,Salalah,OM,17.0151,54.0924,86.09,62,0,10.36,clear sky
91,Tazmalt,DZ,36.3868,4.3989,61.72,69,12,4.45,few clouds
92,Lompoc,US,34.6391,-120.4579,63.57,89,0,10.36,clear sky
93,Sorland,NO,67.667,12.6934,30.94,50,36,10.63,scattered clouds
94,Vicksburg,US,32.3526,-90.8779,67.68,92,100,14.97,thunderstorm with light rain
95,Maniitsoq,GL,65.4167,-52.9,22.21,86,54,3.65,broken clouds
96,Saint-Pierre,RE,-21.3393,55.4781,83.91,71,100,3.44,overcast clouds
97,Nakhodka,RU,42.8333,132.8947,44.02,80,38,4.7,scattered clouds
98,Port Elizabeth,ZA,-33.918,25.5701,72.1,62,20,21.85,few clouds
99,Port Alfred,ZA,-33.5906,26.891,71.19,65,0,3.0,clear sky
100,Narsaq,GL,60.9167,-46.05,43.02,73,60,4.61,broken clouds
101,Moron,AR,-34.6534,-58.6198,55.15,76,0,4.61,clear sky
102,Geraldton,AU,-28.7667,114.6,77.41,57,0,19.57,clear sky
103,Ilulissat,GL,69.2167,-51.1,24.82,80,34,0.0,scattered clouds
104,Butaritari,KI,3.0707,172.7902,81.63,82,46,16.31,light rain
105,Urusha,RU,54.05,122.9,24.51,51,100,12.57,overcast clouds
106,Nikolskoye,RU,59.7035,30.7861,36.88,92,100,18.01,light snow
107,Taksimo,RU,56.3444,114.8794,24.19,48,100,7.29,overcast clouds
108,Biltine,TD,14.5333,20.9167,97.88,8,41,21.99,scattered clouds
109,Saldanha,ZA,-33.0117,17.9442,62.65,77,55,12.55,light rain
110,Kununurra,AU,-15.7667,128.7333,98.58,25,10,4.61,clear sky
111,New Amsterdam,GY,6.25,-57.5167,73.58,89,98,4.63,overcast clouds
112,Mpanda,TZ,-6.3655,31.0409,76.95,72,90,3.15,overcast clouds
113,Atuona,PF,-9.8,-139.0333,79.21,76,16,23.02,few clouds
114,Ahja,EE,58.2091,27.0734,35.78,96,100,17.45,overcast clouds
115,Poronaysk,RU,49.2167,143.1167,36.79,90,100,13.87,overcast clouds
116,Katsuura,JP,35.1333,140.3,56.16,80,81,13.6,broken clouds
117,Lebu,CL,-37.6167,-73.65,52.36,87,22,11.92,few clouds
118,Skibbereen,IE,51.55,-9.2667,52.11,77,100,15.26,overcast clouds
119,Kimamba,TZ,-6.7833,37.1333,84.54,60,61,3.56,broken clouds
120,Masallatah,LY,32.6167,14.0,67.08,62,100,13.53,overcast clouds
121,Komsomolskiy,UZ,40.4272,71.7189,79.52,22,0,4.61,clear sky
122,Lata,PT,40.1629,-8.3327,42.93,51,100,5.26,overcast clouds
123,Torbay,CA,47.6666,-52.7314,34.88,94,75,8.05,broken clouds
124,Portland,US,45.5234,-122.6762,42.84,88,20,9.22,few clouds
125,Karpathos,GR,35.507,27.2132,66.16,72,100,14.97,overcast clouds
126,Oro Valley,US,32.3909,-110.9665,65.91,40,0,1.99,clear sky
127,Kieta,PG,-6.2167,155.6333,79.11,89,100,6.38,moderate rain
128,Manaus,BR,-3.1019,-60.025,77.49,100,75,0.0,broken clouds
129,Pisco,PE,-13.7,-76.2167,66.25,82,0,4.61,clear sky
130,Ust-Maya,RU,60.4167,134.5333,25.47,83,100,7.78,overcast clouds
131,Vila Franca Do Campo,PT,37.7167,-25.4333,55.81,68,100,2.51,overcast clouds
132,Karlskrona,SE,56.1616,15.5866,36.05,59,12,15.12,few clouds
133,Carmo Do Rio Claro,BR,-20.9719,-46.1189,65.01,94,94,0.72,overcast clouds
134,Ostrovnoy,RU,68.0531,39.5131,23.43,89,100,13.24,overcast clouds
135,Bengkulu,ID,-3.8004,102.2655,85.73,61,34,10.02,scattered clouds
136,Doka,SD,13.5167,35.7667,100.53,15,100,9.71,overcast clouds
137,Cherskiy,RU,68.75,161.3,-10.26,98,76,4.52,broken clouds
138,Taltal,CL,-25.4,-70.4833,61.57,78,22,1.14,few clouds
139,Hithadhoo,MV,-0.6,73.0833,83.14,66,9,3.44,clear sky
140,Korla,CN,41.7597,86.1469,75.61,13,11,17.05,few clouds
141,Borda Da Mata,BR,-22.2742,-46.1653,63.75,95,97,1.28,overcast clouds
142,Nizhnevartovsk,RU,60.9344,76.5531,44.62,70,0,13.42,clear sky
143,Samarai,PG,-10.6167,150.6667,81.37,81,94,16.35,overcast clouds
144,Hyeres,FR,43.1167,6.1167,57.72,49,0,2.3,clear sky
145,Carnarvon,AU,-24.8667,113.6333,82.47,65,0,19.57,clear sky
146,San Quintin,MX,30.4833,-115.95,58.71,90,0,5.93,clear sky
147,Chokurdakh,RU,70.6333,147.9167,-7.33,95,28,8.63,scattered clouds
148,Bathsheba,BB,13.2167,-59.5167,77.61,78,40,18.41,scattered clouds
149,Hokitika,NZ,-42.7167,170.9667,62.04,88,100,10.56,overcast clouds
150,Camana,PE,-16.6228,-72.7111,68.16,85,99,5.35,overcast clouds
151,Leningradskiy,RU,69.3833,178.4167,-14.85,96,14,8.28,few clouds
152,Bibai,JP,43.3247,141.8586,52.99,79,61,10.04,broken clouds
153,Liverpool,GB,53.4106,-2.9779,51.51,86,100,25.32,light intensity drizzle
154,Iqaluit,CA,63.7506,-68.5145,2.93,71,75,17.27,broken clouds
155,Hasaki,JP,35.7333,140.8333,57.6,76,90,12.46,overcast clouds
156,Vanimo,PG,-2.6741,141.3028,80.46,84,100,2.77,light rain
157,Milton,US,34.1322,-84.3007,56.61,66,79,1.01,broken clouds
158,Chara,RU,56.9064,118.2631,18.64,49,100,2.21,overcast clouds
159,Barrow,US,71.2906,-156.7887,-7.58,71,100,9.22,haze
160,Abu Road,IN,24.4833,72.7833,103.93,9,33,10.56,scattered clouds
161,Ambilobe,MG,-13.2,49.05,87.39,65,88,1.99,overcast clouds
162,Bechem,GH,7.0903,-2.025,77.5,85,100,3.09,overcast clouds
163,Sola,VU,-13.8833,167.55,82.96,70,100,11.9,overcast clouds
164,Khanpur,PK,28.6453,70.6567,106.84,3,3,8.39,clear sky
165,Dingle,PH,10.9995,122.6711,76.68,90,100,6.08,light rain
166,Mount Isa,AU,-20.7333,139.5,91.17,7,5,16.11,clear sky
167,Aksarka,RU,66.5606,67.7975,24.39,91,86,8.39,overcast clouds
168,Makokou,GA,0.5738,12.8642,80.42,71,21,2.91,few clouds
169,Kiama,AU,-34.6833,150.8667,71.38,87,71,1.01,broken clouds
170,Poum,NC,-20.2333,164.0167,81.19,78,100,17.43,moderate rain
171,Bulgan,MN,48.8125,103.5347,41.81,36,98,4.52,overcast clouds
172,Saint-Joseph,RE,-21.3667,55.6167,82.78,82,82,8.21,light rain
173,Barinitas,VE,8.7622,-70.4111,76.48,64,94,4.61,overcast clouds
174,Konya,TR,38.1667,32.5,67.48,26,100,20.56,overcast clouds
175,Tuktoyaktuk,CA,69.4541,-133.0374,-15.66,98,95,3.31,overcast clouds
176,Wanning,CN,18.8003,110.3967,75.52,79,53,13.33,broken clouds
177,Naze,JP,28.3667,129.4833,63.52,53,11,4.09,few clouds
178,Lavrentiya,RU,65.5833,-171.0,-5.24,90,68,10.42,broken clouds
179,Coahuayana,MX,18.7333,-103.6833,64.22,83,6,3.04,clear sky
180,Gorom-Gorom,BF,14.4439,-0.2361,91.85,7,24,2.93,few clouds
181,Sarkand,KZ,45.41,79.9186,72.99,20,29,4.76,scattered clouds
182,Tezu,IN,27.9167,96.1667,72.07,79,100,3.42,overcast clouds
183,Kruisfontein,ZA,-34.0033,24.7314,69.89,56,11,13.24,few clouds
184,Puerto Ayora,EC,-0.7393,-90.3518,74.55,98,64,4.0,broken clouds
185,Toamasina,MG,-18.1667,49.3833,87.8,66,20,10.36,few clouds
186,Redding,US,40.5865,-122.3917,54.63,50,0,5.99,clear sky
187,Nantucket,US,41.2835,-70.0995,42.91,87,75,8.05,broken clouds
188,Bull Savanna,JM,17.8868,-77.5902,73.08,87,26,7.49,scattered clouds
189,Saint-Augustin,CA,51.226,-58.6502,28.04,86,100,13.38,overcast clouds
190,Batagay,RU,67.6333,134.6333,8.26,83,100,4.41,overcast clouds
191,Magadan,RU,59.5667,150.8,22.53,95,99,5.55,light snow
192,Pasighat,IN,28.0667,95.3333,70.41,89,100,2.86,overcast clouds
193,Moerai,PF,-22.4333,-151.3333,81.43,72,100,6.31,overcast clouds
194,Areosa,PT,41.7178,-8.8571,47.55,55,94,4.63,overcast clouds
195,Hurghada,EG,27.2574,33.8129,86.04,17,0,11.5,clear sky
196,Necochea,AR,-38.5473,-58.7368,52.18,49,4,12.5,clear sky
197,Santona,ES,43.4439,-3.4576,46.22,63,4,2.04,clear sky
198,Iwanai,JP,42.9744,140.5089,49.1,79,84,4.25,broken clouds
199,Nioro,GM,13.35,-15.75,70.72,50,3,9.51,clear sky
200,Khani,GE,41.9563,42.9566,45.97,68,100,5.3,overcast clouds
201,Cidreira,BR,-30.1811,-50.2056,68.22,85,100,7.02,overcast clouds
202,Lasa,IT,46.6166,10.7002,45.48,78,44,4.76,scattered clouds
203,Kijang,KR,35.2442,129.2139,65.93,37,100,12.59,overcast clouds
204,Groa,NO,62.65,8.7167,27.54,94,100,9.55,snow
205,Ati,TD,13.2154,18.3353,97.47,6,8,10.29,clear sky
206,Norman Wells,CA,65.282,-126.8329,-3.96,65,100,4.61,overcast clouds
207,Iberia,US,29.9502,-91.7507,72.09,100,100,14.97,mist
208,Rosarito,MX,32.3333,-117.0333,60.4,83,0,3.33,clear sky
209,Boyolangu,ID,-8.1181,111.8935,83.91,72,52,8.03,broken clouds
210,Luwuk,ID,-0.9516,122.7875,81.05,86,70,3.29,moderate rain
211,Dicabisagan,PH,17.0818,122.4157,76.86,90,100,11.01,overcast clouds
212,Haverfordwest,GB,51.8017,-4.9691,50.05,85,100,5.01,overcast clouds
213,Puerto Escondido,MX,15.85,-97.0667,76.32,72,1,8.25,clear sky
214,Riverton,US,40.5219,-111.9391,55.58,62,100,20.71,light rain
215,Bambous Virieux,MU,-20.3428,57.7575,81.21,100,75,5.75,shower rain
216,Kayes,ML,14.0,-11.0,82.92,21,0,5.06,clear sky
217,Qianan,CN,44.9932,124.0581,43.05,17,100,21.52,overcast clouds
218,Vao,NC,-22.6667,167.4833,78.82,85,100,14.25,moderate rain
219,Calvinia,ZA,-31.4707,19.776,52.68,73,64,7.52,broken clouds
220,Kodiak,US,57.79,-152.4072,33.31,55,0,8.05,clear sky
221,Grand Gaube,MU,-20.0064,57.6608,81.37,82,92,11.01,overcast clouds
222,Acapulco,MX,16.8634,-99.8901,69.62,88,0,3.44,clear sky
223,Srednekolymsk,RU,67.45,153.6833,-5.91,97,83,4.74,broken clouds
224,Emerald,AU,-23.5333,148.1667,89.74,31,40,4.61,scattered clouds
225,East London,ZA,-33.0153,27.9116,72.54,53,0,11.5,clear sky
226,Igarka,RU,67.4667,86.5833,28.87,89,99,19.66,overcast clouds
227,Smithers,CA,54.7804,-127.1743,30.52,86,75,0.0,broken clouds
228,Monte Patria,CL,-30.6919,-70.9467,65.79,44,0,0.16,clear sky
229,Mount Gambier,AU,-37.8333,140.7667,58.91,72,75,6.91,light rain
230,Alta Floresta,BR,-9.8756,-56.0861,68.7,99,100,2.26,overcast clouds
231,Envira,BR,-7.3,-70.2167,73.65,85,100,0.96,overcast clouds
232,Novo Aripuana,BR,-5.1206,-60.3797,72.59,99,100,1.28,overcast clouds
233,Boali,CF,4.8005,18.1275,86.0,52,73,4.27,light rain
234,Chas,IN,23.6333,86.1667,104.9,8,3,3.51,clear sky
235,Buchanan,LR,5.8808,-10.0467,80.24,86,80,3.38,broken clouds
236,Jasper,US,37.2001,-94.3502,55.67,90,100,9.22,overcast clouds
237,Erzin,TR,36.9559,36.2,68.79,50,100,3.47,overcast clouds
238,Marystown,CA,47.1666,-55.1483,36.86,100,97,1.01,overcast clouds
239,Tulagi,SB,-9.0996,160.1476,78.67,88,100,11.68,overcast clouds
240,Vibo Valentia,IT,38.6996,16.1274,54.19,58,4,3.47,clear sky
241,La Ronge,CA,55.1001,-105.2842,34.05,75,40,16.11,scattered clouds
242,Valer,NO,60.6785,11.8331,33.85,65,72,5.95,broken clouds
243,San Patricio,US,28.017,-97.5169,75.29,96,100,6.17,overcast clouds
244,Bandarbeyla,SO,9.4942,50.8122,85.41,51,2,9.1,clear sky
245,Avanigadda,IN,16.0215,80.9181,95.34,37,13,12.15,few clouds
246,Matamoros,MX,25.5333,-103.25,71.96,19,100,6.55,overcast clouds
247,Inuvik,CA,68.3499,-133.7218,-13.94,70,40,4.61,light snow
248,Tehri,IN,30.3833,78.4833,94.62,7,79,6.91,broken clouds
249,Troitsko-Pechorsk,RU,62.7084,56.1964,21.65,91,100,11.97,light snow
250,Twentynine Palms,US,34.1356,-116.0542,69.96,23,0,3.0,clear sky
251,Esperance,AU,-33.8667,121.9,64.24,66,91,13.04,overcast clouds
252,Udachnyy,RU,66.4167,112.4,14.45,56,100,6.71,overcast clouds
253,Kamarion,GR,36.8,25.8167,65.08,83,100,16.4,overcast clouds
254,Todos Santos,MX,23.45,-110.2167,58.44,83,13,5.77,few clouds
255,Muyezerskiy,RU,63.9333,31.65,30.88,90,100,14.43,overcast clouds
256,Port Augusta,AU,-32.5,137.7667,74.32,37,100,18.63,light rain
257,Kudahuvadhoo,MV,2.6708,72.8944,83.75,60,4,2.73,clear sky
258,Tela,HN,15.7833,-87.45,74.7,88,38,6.96,scattered clouds
259,Goderich,CA,43.7501,-81.7165,39.9,87,100,9.22,overcast clouds
260,Hamilton,US,39.1834,-84.5333,46.99,89,0,0.0,clear sky
261,Victoria,HK,22.2855,114.1577,77.05,63,32,7.87,scattered clouds
262,Marsaxlokk,MT,35.8419,14.5431,60.08,77,40,18.41,scattered clouds
263,Maxixe,MZ,-23.8597,35.3472,85.82,84,40,11.5,scattered clouds
264,Curuca,BR,-0.7289,-47.8481,74.14,96,100,1.92,overcast clouds
265,Puerto Madero,MX,14.7208,-92.4215,79.0,94,20,0.0,few clouds
266,Oshakati,NA,-17.7833,15.6833,82.42,48,10,6.55,clear sky
267,Sidrolandia,BR,-20.9319,-54.9614,70.07,88,38,4.47,scattered clouds
268,Haradok,BY,55.4624,29.9816,33.91,86,100,20.76,light snow
269,Matadi,CD,-5.8167,13.45,77.4,90,99,2.75,overcast clouds
270,Camacha,PT,33.0833,-16.3333,54.82,54,40,19.57,scattered clouds
271,Cap Malheureux,MU,-19.9842,57.6142,81.46,82,89,11.01,overcast clouds
272,Kaitangata,NZ,-46.2817,169.8464,58.62,96,91,4.36,overcast clouds
273,Bojnurd,IR,37.4747,57.329,58.95,55,75,4.61,broken clouds
274,Batagay-Alyta,RU,67.8006,130.4114,7.83,90,100,3.18,overcast clouds
275,Evensk,RU,61.95,159.2333,15.71,85,100,7.92,overcast clouds
276,Biak,ID,-0.9131,122.8766,80.22,80,65,3.6,heavy intensity rain
277,Fiumicino,IT,41.7675,12.2291,58.78,66,0,8.05,clear sky
278,Kalabo,ZM,-14.97,22.6814,76.64,68,86,3.53,overcast clouds
279,Oistins,BB,13.0667,-59.5333,77.09,78,40,18.41,scattered clouds
280,Ipixuna,BR,-1.7625,-48.8043,73.38,98,100,1.97,overcast clouds
281,Puerto Guzman,CO,0.9703,-76.5858,69.96,98,98,2.19,overcast clouds
282,Muros,ES,42.7762,-9.0603,48.09,55,10,12.66,clear sky
283,Robertsport,LR,6.7533,-11.3686,78.87,81,90,4.29,overcast clouds
284,Ovalle,CL,-30.5983,-71.2003,64.31,55,0,1.57,clear sky
285,Quatre Cocos,MU,-20.2078,57.7625,80.1,75,99,9.82,light rain
286,Flinders,AU,-34.5833,150.8552,71.19,85,67,3.0,broken clouds
287,Hovd,MN,48.0056,91.6419,57.78,20,0,5.93,clear sky
288,Ajdabiya,LY,30.7554,20.2263,90.95,8,53,15.95,broken clouds
289,Penzance,GB,50.1186,-5.5371,52.48,93,40,13.8,scattered clouds
290,Stege,DK,54.987,12.2846,44.06,63,42,23.44,scattered clouds
291,Alice Springs,AU,-23.7,133.8833,92.75,10,0,8.05,clear sky
292,Souillac,MU,-20.5167,57.5167,75.58,100,75,5.75,shower rain
293,Hermanus,ZA,-34.4187,19.2345,67.8,77,64,19.6,light rain
294,Adjumani,UG,3.3779,31.7909,90.66,40,2,1.61,clear sky
295,Rundu,NA,-17.9333,19.7667,76.39,65,44,2.55,scattered clouds
296,Riyadh,SA,24.6877,46.7219,95.14,7,7,4.23,clear sky
297,Ca Mau,VN,9.1769,105.15,88.0,57,81,14.27,broken clouds
298,Aleksandrov Gay,RU,50.147,48.5704,42.28,53,100,12.82,overcast clouds
299,Ponta Do Sol,PT,32.6667,-17.1,57.83,74,55,9.62,broken clouds
300,Kainantu,PG,-6.2887,145.8655,64.44,94,96,3.8,overcast clouds
301,Torbat-E Jam,IR,35.244,60.6225,84.74,11,90,12.8,overcast clouds
302,Anchorage,US,61.2181,-149.9003,34.68,91,100,3.44,overcast clouds
303,Byron Bay,AU,-28.65,153.6167,72.95,82,23,6.17,few clouds
304,Espita,MX,21.0167,-88.3167,73.4,88,0,7.07,clear sky
305,Clyde River,CA,70.4692,-68.5914,-5.57,84,0,3.44,clear sky
306,Jeremie,HT,18.65,-74.1167,76.51,81,23,1.43,few clouds
307,Shalinskoye,RU,55.7228,93.7594,46.92,86,100,8.72,overcast clouds
308,Coquimbo,CL,-29.9533,-71.3436,51.53,100,100,1.14,fog
309,Hobyo,SO,5.3505,48.5268,85.24,61,9,11.27,clear sky
310,Wanlaweyn,SO,2.6185,44.8938,94.73,34,0,9.8,clear sky
311,Kerema,PG,-7.9631,145.7785,80.85,78,99,3.58,overcast clouds
312,Umm Kaddadah,SD,13.6017,26.6876,99.05,10,5,20.49,clear sky
313,Tenenkou,ML,14.4572,-4.9169,86.85,13,7,1.48,clear sky
314,Deniliquin,AU,-35.5333,144.9667,72.66,36,0,5.06,clear sky
315,Solnechnyy,RU,50.7214,136.6319,29.21,98,100,3.15,light snow
316,Luderitz,NA,-26.6481,15.1594,65.21,56,0,8.01,clear sky
317,Waipawa,NZ,-41.4122,175.5153,62.76,79,100,13.65,overcast clouds
318,Marzuq,YE,14.4,46.4667,86.36,10,0,7.67,clear sky
319,Nouadhibou,MR,20.931,-17.0347,62.58,88,20,11.5,few clouds
320,Singaraja,ID,-8.112,115.0882,82.87,76,98,0.92,overcast clouds
321,Cervo,ES,43.6702,-7.4101,50.97,66,6,9.89,clear sky
322,Guane,CU,22.2025,-84.0875,72.73,87,0,6.35,clear sky
323,Mandalgovi,MN,45.7625,106.2708,49.1,35,100,14.03,overcast clouds
324,Kawalu,ID,-7.3817,108.2082,80.46,79,66,4.43,broken clouds
325,Prieska,ZA,-29.6641,22.7474,66.04,37,0,11.25,clear sky
326,Ulaangom,MN,49.9811,92.0667,31.95,99,100,2.21,overcast clouds
327,Iralaya,HN,15.0,-83.2333,77.65,81,27,9.17,scattered clouds
328,Vostok,RU,46.4856,135.8833,34.02,98,100,13.2,light snow
329,Tiarei,PF,-17.5333,-149.3333,80.62,78,19,19.75,light rain
330,Viedma,AR,-40.8135,-62.9967,58.01,34,35,10.51,scattered clouds
331,Kungurtug,RU,50.5994,97.5228,43.95,72,81,6.04,broken clouds
332,Dryden,CA,49.7833,-92.7503,30.49,80,0,11.5,clear sky
333,Nhulunbuy,AU,-12.2333,136.7667,88.41,66,40,10.36,scattered clouds
334,Richards Bay,ZA,-28.783,32.0377,81.7,66,48,10.45,scattered clouds
335,Porto Novo,BJ,6.4965,2.6036,85.82,62,98,8.86,overcast clouds
336,Broome,US,42.2506,-75.833,35.98,76,100,5.75,overcast clouds
337,Lismore,AU,-28.8135,153.2773,71.92,90,70,3.06,broken clouds
338,Rio Gallegos,AR,-51.6226,-69.2181,35.65,80,0,18.41,clear sky
339,Coihaique,CL,-45.5752,-72.0662,54.21,87,78,11.5,light rain
340,Paamiut,GL,61.994,-49.6678,30.72,93,100,7.61,overcast clouds
341,Najran,SA,17.4924,44.1277,86.65,6,0,11.48,clear sky
342,Amga,RU,60.8953,131.9608,20.66,87,100,6.87,overcast clouds
343,Mana,GF,5.6592,-53.7767,76.62,87,95,8.77,overcast clouds
344,Collierville,US,35.042,-89.6645,62.35,69,100,8.05,overcast clouds
345,Ancud,CL,-41.8697,-73.8203,57.22,97,100,10.92,light rain
346,Monrovia,LR,6.3005,-10.7969,81.48,77,20,4.76,few clouds
347,Ulaanbaatar,MN,47.9077,106.8832,41.13,33,40,6.71,scattered clouds
348,Hofn,IS,64.2539,-15.2082,26.62,63,100,16.11,light snow
349,Kozyatyn,UA,49.7143,28.8339,41.88,47,100,21.18,overcast clouds
350,Ontario,US,34.0633,-117.6509,70.0,74,0,3.44,clear sky
351,Tahe,CN,52.3333,124.7333,23.99,61,100,14.03,overcast clouds
352,Itarema,BR,-2.9248,-39.9167,75.25,91,100,7.31,overcast clouds
353,Vuktyl,RU,63.8567,57.3094,23.65,82,100,12.5,overcast clouds
354,Maniwaki,CA,46.3834,-75.966,23.38,93,98,1.14,overcast clouds
355,Sambava,MG,-14.2667,50.1667,84.02,66,92,7.85,overcast clouds
356,Tarut,SA,26.5733,50.0369,95.22,28,86,8.41,overcast clouds
357,Sychevka,RU,55.8252,34.2736,34.09,83,100,19.64,overcast clouds
358,Vikulovo,RU,56.8167,70.6107,41.43,94,100,17.9,overcast clouds
359,Chilca,PE,-12.5211,-76.7372,67.46,90,64,4.29,broken clouds
360,Malinyi,TZ,-8.9333,36.1333,84.58,67,62,3.51,broken clouds
361,Selizharovo,RU,56.8519,33.4487,36.0,73,100,17.34,overcast clouds
362,Naifaru,MV,5.4444,73.3657,83.73,66,3,3.2,clear sky
363,Marsabit,KE,2.3284,37.9899,79.3,47,18,17.2,few clouds
364,Kamaishi,JP,39.2667,141.8833,46.18,92,69,8.7,broken clouds
365,Adrar,MR,20.5022,-10.0711,73.62,37,53,10.22,broken clouds
366,Kampot,KH,10.6167,104.1833,87.85,64,89,5.37,overcast clouds
367,Morehead,US,37.2711,-87.1764,52.0,95,100,0.0,overcast clouds
368,Roald,NO,62.5833,6.1333,40.08,56,40,12.66,scattered clouds
369,Nanortalik,GL,60.1432,-45.2371,31.12,79,100,3.38,overcast clouds
370,Jegalia,RO,44.3,27.6333,60.06,36,0,11.03,clear sky
371,Sterling,US,39.0062,-77.4286,48.92,73,100,3.44,overcast clouds
372,Broken Hill,AU,-31.95,141.4333,78.51,24,0,9.22,clear sky
373,Kavieng,PG,-2.5744,150.7967,81.16,83,100,12.73,moderate rain
374,Yangshe,CN,31.8899,120.6052,70.0,53,100,1.01,overcast clouds
375,Ahvaz,IR,31.3203,48.6693,96.75,11,0,9.22,clear sky
376,Kapuskasing,CA,49.4169,-82.4331,33.89,74,100,3.44,overcast clouds
377,Klaksvik,FO,62.2266,-6.589,32.92,60,100,10.56,light snow
378,Mattru,SL,7.6244,-11.8332,80.74,65,68,2.15,broken clouds
379,Fairbanks,US,64.8378,-147.7164,14.23,70,0,0.0,clear sky
380,Meadow Lake,US,34.8014,-106.5436,56.97,23,0,7.87,clear sky
381,Gizo,SB,-8.103,156.8419,81.27,82,100,11.5,moderate rain
382,Ninotsminda,GE,41.2646,43.5916,36.27,96,84,6.93,broken clouds
383,Hailey,US,43.5196,-114.3153,33.66,57,75,16.11,broken clouds
384,Cam Ranh,VN,11.9214,109.1591,82.36,69,40,16.11,scattered clouds
385,Guangyuan,CN,32.442,105.823,71.19,47,73,6.64,broken clouds
386,Chigorodo,CO,7.6664,-76.6811,73.38,98,100,2.04,overcast clouds
387,Amuntai,ID,-2.4177,115.2494,81.19,82,100,0.29,light rain
388,Yangjiang,CN,21.85,111.9667,74.39,59,6,7.49,clear sky
389,Oranjemund,NA,-28.55,16.4333,65.34,64,0,3.13,clear sky
390,Ghanzi,BW,-21.5667,21.7833,78.93,27,27,4.29,scattered clouds
391,Nome,US,64.5011,-165.4064,8.67,66,0,12.66,clear sky
392,Yamada,JP,39.4667,141.95,46.76,89,33,9.84,scattered clouds
393,Sanquhar,GB,55.3653,-3.9216,49.55,95,100,18.54,moderate rain
394,Svetlogorsk,BY,52.6333,29.7333,34.7,94,100,19.71,light snow
395,Capitao Poco,BR,-1.7464,-47.0594,72.12,98,96,1.3,overcast clouds
396,Shimoda,JP,34.6667,138.95,59.36,85,66,8.28,broken clouds
397,Aklavik,CA,68.2191,-135.0107,-26.88,100,60,1.41,broken clouds
398,Cururupu,BR,-1.8283,-44.8683,73.53,98,100,2.48,overcast clouds
399,Rovaniemi,FI,66.5,25.7167,31.41,86,100,13.8,light snow
400,Guye,CN,39.7333,118.4167,61.97,25,1,14.83,clear sky
401,Kabompo,ZM,-13.5927,24.2008,66.63,95,100,3.11,light rain
402,Caraballeda,VE,10.6112,-66.8522,75.27,88,40,0.0,scattered clouds
403,Swan Hill,AU,-35.3378,143.5544,70.39,37,0,7.74,clear sky
404,Catamarca,AR,-28.4696,-65.7852,64.78,70,0,4.88,clear sky
405,Ovsyanka,RU,55.9575,92.5519,59.97,96,100,6.42,overcast clouds
406,North Bend,US,43.4065,-124.2243,48.11,85,75,10.36,broken clouds
407,Imamoglu,TR,37.2651,35.6572,67.71,61,100,3.71,overcast clouds
408,Stephenville Crossing,CA,48.5,-58.4318,33.93,93,100,4.61,overcast clouds
409,Mahebourg,MU,-20.4081,57.7,80.26,100,75,5.75,shower rain
410,Mardin,TR,37.3131,40.7436,69.06,27,0,4.61,clear sky
411,Mosquera,CO,4.7059,-74.2302,53.69,94,40,2.3,scattered clouds
412,Batemans Bay,AU,-35.7167,150.1833,67.1,93,100,5.99,overcast clouds
413,Talnakh,RU,69.4865,88.3972,22.21,77,32,8.05,scattered clouds
414,Nizwa,OM,22.9333,57.5333,93.16,10,2,10.71,clear sky
415,Mujiayingzi,CN,42.1167,118.7833,47.52,12,10,18.3,clear sky
416,Vardo,NO,70.3705,31.1107,30.18,59,40,24.16,scattered clouds
417,Malmyzh,RU,56.5205,50.6818,31.89,86,80,11.25,broken clouds
418,Bingol,TR,38.8847,40.4939,57.72,38,0,4.61,clear sky
419,Baykit,RU,61.67,96.37,30.34,93,100,7.16,light snow
420,Taupo,NZ,-38.6833,176.0833,60.1,94,100,5.3,light rain
421,Ponta Delgada,PT,37.7333,-25.6667,56.12,71,40,4.61,scattered clouds
422,Sile,TR,41.1754,29.6133,51.57,72,100,7.45,light rain
423,The Valley,AI,18.217,-63.0578,77.09,70,97,19.46,overcast clouds
424,Lagoa,PT,39.05,-27.9833,59.05,73,100,6.08,overcast clouds
425,Manono,CD,-7.3,27.4167,84.42,64,91,2.8,overcast clouds
426,Goure,NE,13.9835,10.2704,97.02,5,39,11.01,scattered clouds
427,Emirdag,TR,39.0197,31.15,66.52,25,100,20.56,overcast clouds
428,Fort Morgan,US,40.2503,-103.8,47.62,49,0,3.44,clear sky
429,Olafsvik,IS,64.8945,-23.7142,27.28,69,100,35.12,light snow
430,Tabou,CI,4.423,-7.3528,83.7,77,82,4.23,broken clouds
431,Halasztelek,HU,47.3617,18.9812,51.89,56,90,5.01,overcast clouds
432,Ternate,ID,0.8,127.4,82.47,77,16,6.53,few clouds
433,Belaya Gora,RU,68.5333,146.4167,-5.76,96,98,5.61,overcast clouds
434,Atambua,ID,-9.1061,124.8925,78.17,79,22,1.32,few clouds
435,Aban,RU,56.67,96.06,35.49,100,100,8.14,overcast clouds
436,Port Lincoln,AU,-34.7333,135.8667,63.66,73,100,4.03,overcast clouds
437,Carlisle,US,40.2015,-77.1889,43.18,72,95,3.09,overcast clouds
438,Shache,CN,38.4167,77.2406,77.77,11,0,8.66,clear sky
439,Pacific Grove,US,36.6177,-121.9166,54.43,90,100,4.0,overcast clouds
440,Nakhon Phanom,TH,17.3333,104.4167,89.4,33,100,10.13,overcast clouds
441,Iglas,IN,27.7167,77.9333,106.05,3,42,11.1,scattered clouds
442,Churapcha,RU,62.0025,132.4325,19.92,88,100,9.33,overcast clouds
443,Wote,KE,-1.7808,37.6288,84.76,41,8,8.63,clear sky
444,Mareeba,AU,-17.0,145.4333,79.52,97,34,3.33,scattered clouds
445,Batangas,PH,13.7594,121.06,77.05,78,100,7.81,heavy intensity rain
446,Erenhot,CN,43.6475,111.9767,44.15,18,99,5.06,overcast clouds
447,Constitucion,CL,-35.3333,-72.4167,52.18,72,35,6.24,scattered clouds
448,Karratha,AU,-20.7377,116.8463,90.9,43,0,13.89,clear sky
449,Cardenas,CU,23.0375,-81.2047,72.36,85,0,8.03,clear sky
450,Bognor Regis,GB,50.7821,-0.6798,55.98,87,99,14.83,overcast clouds
451,Sorsk,RU,54.0033,90.2467,52.93,61,84,6.11,broken clouds
452,Manggar,ID,-2.8833,108.2667,80.67,79,87,3.42,overcast clouds
453,Noumea,NC,-22.2763,166.4572,76.98,86,100,5.84,moderate rain
454,Casino,AU,-28.8667,153.05,71.78,88,81,5.75,broken clouds
455,Saint Anthony,US,45.0205,-93.218,37.33,84,40,13.8,scattered clouds
456,Novyy Urgal,RU,51.0736,132.5642,26.19,91,100,11.65,snow
457,Arman,RU,59.7,150.1667,23.02,95,100,3.96,overcast clouds
458,Pecos,US,31.4229,-103.4932,61.3,29,0,4.61,clear sky
459,Pinega,RU,64.7001,43.3936,32.18,78,22,8.46,few clouds
460,Caconda,AO,-13.7333,15.0667,72.75,67,70,1.92,broken clouds
461,Rio Verde De Mato Grosso,BR,-18.9181,-54.8442,75.4,74,36,4.09,scattered clouds
462,Eldoret,KE,0.5204,35.2699,75.29,38,20,11.5,few clouds
463,Prince Rupert,CA,54.3161,-130.3201,38.89,93,100,14.97,moderate rain
464,Awjilah,LY,29.1081,21.2869,99.48,4,1,6.44,clear sky
465,Abrego,CO,8.0807,-73.2205,63.54,88,98,2.77,overcast clouds
466,Cruzeiro Do Sul,BR,-29.5128,-51.9853,68.52,92,100,2.71,overcast clouds
467,Dourdan,FR,48.5277,2.0111,48.42,93,100,10.0,overcast clouds
468,Zhezkazgan,KZ,47.8043,67.7144,75.18,29,0,20.13,clear sky
469,Sao Filipe,CV,14.8961,-24.4956,70.2,69,23,10.67,few clouds
470,Linxia,CN,35.6003,103.2064,65.08,12,20,7.25,few clouds
471,Tarko-Sale,RU,64.9225,77.785,35.24,100,100,6.22,overcast clouds
472,Sicamous,CA,50.8331,-118.9856,45.57,95,95,3.4,overcast clouds
473,Sovetskiy,RU,61.3614,63.5842,33.96,100,100,6.91,overcast clouds
474,Sangar,RU,63.9242,127.4739,9.23,92,100,12.26,overcast clouds
475,Lorengau,PG,-2.0226,147.2712,82.99,78,100,14.83,overcast clouds
476,Boa Vista,BR,2.8197,-60.6733,78.78,78,75,13.8,broken clouds
477,Bozoum,CF,6.3193,16.3799,93.49,32,67,2.33,broken clouds
478,Touros,BR,-5.1989,-35.4608,76.57,84,100,9.95,overcast clouds
479,Seoul,KR,37.5683,126.9778,60.19,23,0,12.66,clear sky
480,Dindori,IN,22.95,81.0833,102.78,5,2,11.01,clear sky
481,Los Llanos De Aridane,ES,28.6585,-17.9182,56.95,76,75,17.27,broken clouds
482,Kaniama,CD,-7.5667,24.1833,81.73,60,45,2.66,scattered clouds
483,Ixtapa,MX,20.7,-105.2,62.8,78,26,2.17,scattered clouds
484,Shitanjing,CN,39.2342,106.3439,62.82,8,0,15.73,clear sky
485,Codrington,AU,-38.2667,141.9667,58.6,72,100,9.6,overcast clouds
486,Port Hawkesbury,CA,45.6169,-61.3485,32.18,92,40,20.71,scattered clouds
487,Kolpashevo,RU,58.3131,82.9089,41.18,100,100,10.2,overcast clouds
488,Ratnagiri,IN,16.9833,73.3,86.81,67,68,12.19,broken clouds
489,Dustlik,UZ,40.5247,68.0358,88.54,12,0,5.17,clear sky
490,Lynn Haven,US,30.2455,-85.6483,69.98,91,40,4.61,scattered clouds
491,Petropavlovsk-Kamchatskiy,RU,53.0452,158.6483,41.59,61,0,2.24,clear sky
492,Kailua,US,21.4022,-157.7394,73.38,80,20,9.22,few clouds
493,Tikhvin,RU,59.6451,33.5294,39.22,80,100,16.49,overcast clouds
494,Saint-Raymond,CA,45.467,-73.6095,35.71,66,20,3.44,few clouds
495,Lenina,RU,46.0667,39.7833,49.84,49,58,7.63,broken clouds
496,Sarany,RU,58.5,58.8833,29.84,96,100,11.86,light snow
497,Alofi,NU,-19.0595,-169.9187,73.29,94,100,5.75,overcast clouds
498,Haines Junction,CA,60.7522,-137.5108,21.15,73,36,2.3,scattered clouds
499,Isla Vista,US,34.4133,-119.861,65.41,58,10,1.01,clear sky
500,Council Bluffs,US,41.2619,-95.8608,47.5,69,75,17.27,broken clouds
501,Outjo,NA,-20.1167,16.15,74.55,41,0,3.06,clear sky
502,Kavaratti,IN,10.5669,72.642,83.53,71,9,4.21,clear sky
503,Nyurba,RU,63.2842,118.3319,16.66,84,100,6.51,overcast clouds
504,Bosaso,SO,11.2842,49.1816,82.38,89,0,11.5,clear sky
505,Krasnoselkup,RU,65.7,82.4667,34.34,100,100,8.9,overcast clouds
506,Sayyan,YE,15.1718,44.3244,71.85,7,11,6.29,few clouds
507,Marathon,US,44.9,-89.7668,32.2,93,100,5.75,fog
508,San Andres,CO,12.5847,-81.7006,80.62,83,75,6.91,broken clouds
509,Chapais,CA,49.7834,-74.8492,8.38,97,45,2.64,scattered clouds
510,Luwingu,ZM,-10.2621,29.9271,74.25,66,99,4.36,overcast clouds
511,Itupiranga,BR,-5.1347,-49.3267,75.52,98,96,1.25,overcast clouds
512,Eidsvag,NO,62.7767,8.0668,36.25,61,99,5.14,overcast clouds
513,Comodoro Rivadavia,AR,-45.8667,-67.5,62.46,48,0,27.63,clear sky
514,Vernon,CA,50.2581,-119.2691,45.21,43,100,4.61,overcast clouds
515,Trairi,BR,-3.2778,-39.2689,73.35,96,95,5.66,overcast clouds
516,Paso De Carrasco,UY,-34.8603,-56.0522,46.54,81,0,5.75,clear sky
517,Binga,ZW,-17.6203,27.3414,81.36,60,62,1.19,broken clouds
518,Usinsk,RU,65.9939,57.5281,19.08,83,100,10.02,overcast clouds
519,Grand Baie,MU,-20.0182,57.5802,80.46,84,91,7.0,overcast clouds
520,Price,US,39.5994,-110.8107,54.66,40,100,13.8,overcast clouds
521,Cockburn Town,TC,21.4612,-71.1419,77.92,75,9,15.52,clear sky
522,Gambela,ET,8.25,34.5833,99.95,25,95,6.76,overcast clouds
523,Abalak,RU,58.1286,68.5944,37.85,100,100,7.11,moderate rain
524,Sao Felix Do Xingu,BR,-6.6447,-51.995,69.62,99,54,0.65,broken clouds
525,Puerto Baquerizo Moreno,EC,-0.9,-89.6,77.31,85,88,7.29,light rain
526,Meulaboh,ID,4.1363,96.1285,82.81,72,100,6.29,overcast clouds
527,Lima,PE,-12.0432,-77.0282,71.91,74,0,3.44,clear sky
528,Galle,LK,6.0367,80.217,83.7,68,77,5.1,broken clouds
529,Skaelskor,DK,55.2506,11.2935,39.69,62,75,20.87,broken clouds
530,Weymouth,US,42.2209,-70.9398,44.31,67,40,6.91,scattered clouds
531,Oga,IT,46.4631,10.347,38.08,88,11,4.94,few clouds
532,Marau,BR,-28.4492,-52.2,61.47,97,80,3.02,broken clouds
533,Alcantara,BR,-2.4089,-44.4147,77.2,95,100,4.34,light rain
534,Machilipatnam,IN,16.1667,81.1333,90.21,52,60,12.28,broken clouds
535,Namibe,AO,-15.1961,12.1522,73.49,69,25,4.72,scattered clouds
536,Ugoofaaru,MV,5.6667,73.0,83.75,67,7,3.22,clear sky
537,Carauari,BR,-4.8828,-66.8958,71.33,99,100,1.68,overcast clouds
538,Bafoussam,CM,5.4737,10.4179,79.52,43,71,5.68,broken clouds
539,Pendleton,US,45.6721,-118.7886,40.6,71,20,17.27,few clouds
540,Margate,GB,51.3813,1.3862,53.11,84,100,4.0,overcast clouds
541,Tual,ID,-5.6667,132.75,82.94,68,44,7.63,scattered clouds
542,Tilichiki,RU,60.4667,166.1,9.03,92,17,6.51,few clouds
543,Chingirlau,KZ,51.095,54.0814,42.91,52,82,17.96,broken clouds
544,Christchurch,NZ,-43.5333,172.6333,68.41,67,100,6.91,moderate rain
545,Praia Da Vitoria,PT,38.7333,-27.0667,57.76,93,20,4.99,few clouds
546,Teeli,RU,51.0333,90.2333,51.69,50,17,2.59,few clouds
547,Honiara,SB,-9.4333,159.95,76.66,95,100,3.71,overcast clouds
548,Beysehir,TR,37.6773,31.7246,63.52,29,100,22.37,overcast clouds
549,Rovinj,HR,45.08,13.64,55.89,68,16,4.9,few clouds
550,Weiden,DE,49.6775,12.1567,39.7,92,100,5.75,light rain
551,Southbridge,US,42.0751,-72.0334,39.31,84,16,1.99,few clouds
552,Salinas,US,36.6777,-121.6555,55.49,82,40,6.91,scattered clouds
553,Kabinda,CD,-6.1333,24.4833,83.77,56,81,3.83,broken clouds
554,Baruun-Urt,MN,46.6806,113.2792,35.51,14,13,10.65,few clouds
555,Seymchan,RU,62.8833,152.4333,7.77,89,100,8.93,overcast clouds
556,Ust-Nera,RU,64.5667,143.2,3.04,98,52,4.21,broken clouds
557,Clinton,US,42.587,-82.9199,39.72,93,75,0.0,mist
558,Elbistan,TR,38.2059,37.1983,59.99,41,100,2.51,overcast clouds
559,Kaeo,NZ,-35.1,173.7833,66.61,93,100,4.65,light rain
560,Senador Jose Porfirio,BR,-2.5908,-51.9542,72.84,99,100,1.61,overcast clouds
561,Sihora,IN,23.4833,80.1167,103.33,5,0,8.84,clear sky
562,Tuatapere,NZ,-46.1333,167.6833,58.6,95,100,3.13,light rain
563,Berlevag,NO,70.8578,29.0864,26.55,86,100,25.32,overcast clouds
564,Abrau-Dyurso,RU,44.69,37.59,47.66,62,8,8.79,clear sky
565,Tahta,EG,26.7693,31.5021,96.73,7,0,4.0,clear sky
566,Kajaani,FI,64.2273,27.7285,33.85,86,100,13.8,light rain and snow
567,Kheda,IN,22.75,72.6833,106.09,9,9,11.03,clear sky
568,Apache Junction,US,33.4151,-111.5496,72.66,40,0,6.91,clear sky
569,Alyangula,AU,-13.8483,136.4192,76.87,88,75,5.75,broken clouds
570,Olinda,BR,-8.0089,-34.8553,74.93,88,40,3.44,scattered clouds
571,Peterhead,GB,57.5058,-1.7981,33.46,99,100,3.91,snow
572,Mnogovershinnyy,RU,53.9353,139.9242,20.44,95,100,12.37,snow
573,Sobolevo,RU,54.4299,31.8996,33.12,89,100,21.63,overcast clouds
574,Pabna,BD,24.0,89.25,103.33,19,4,9.4,clear sky
575,Myre,NO,69.1036,15.9492,28.35,61,8,13.89,clear sky
576,Muravlenko,RU,63.7898,74.523,35.28,100,100,12.26,overcast clouds
577,Ahipara,NZ,-35.1667,173.1667,66.36,93,100,6.44,overcast clouds
578,Harper,LR,4.375,-7.7169,84.15,74,55,5.12,broken clouds
579,Inverell,AU,-29.7833,151.1167,70.66,72,90,1.19,overcast clouds
580,Butajira,ET,8.1167,38.3667,79.72,24,25,11.95,scattered clouds
581,Melnikovo,RU,56.5558,84.085,46.2,83,100,10.16,overcast clouds
582,Oktyabrskiy,RU,54.4815,53.471,32.45,89,96,14.47,overcast clouds
583,Ola,RU,59.5833,151.2833,23.14,94,100,6.53,overcast clouds
584,Brae,GB,60.3964,-1.353,38.79,55,100,12.62,overcast clouds
585,Ubinskoye,RU,55.3068,79.6802,45.05,88,100,13.94,overcast clouds
586,Balkhash,KZ,46.844,74.9804,72.21,18,0,8.95,clear sky
587,Yeppoon,AU,-23.1333,150.7333,80.38,73,7,10.58,clear sky
588,Innisfail,AU,-17.5333,146.0333,77.9,79,100,2.91,overcast clouds
589,Sharya,RU,58.3686,45.5144,37.17,74,79,7.96,broken clouds
590,Maryville,US,35.7565,-83.9705,54.45,64,0,8.05,clear sky
591,Pyaozerskiy,RU,65.8333,31.1667,30.63,95,100,14.83,light snow
592,Beausejour,CA,50.0622,-96.5167,34.84,84,34,12.57,scattered clouds
593,Nan,TH,18.8333,100.6667,91.42,40,0,2.3,clear sky
594,Bafoulabe,ML,13.8065,-10.8321,89.37,18,4,4.74,clear sky
595,Pinos,MX,22.3,-101.5667,50.65,22,6,8.43,clear sky
596,Sylacauga,US,33.1732,-86.2516,60.93,68,40,3.44,scattered clouds
597,Tambovka,RU,50.0969,128.0489,29.68,51,100,18.41,overcast clouds
598,Okha,RU,53.5739,142.9478,28.54,79,100,15.41,overcast clouds
599,Yuancheng,CN,36.652,107.7896,68.85,6,0,15.19,clear sky
600,Andrelandia,BR,-21.7397,-44.3092,62.31,96,100,0.69,overcast clouds
601,Buala,SB,-8.145,159.5921,78.58,88,100,6.89,light rain
602,Klamath Falls,US,42.2249,-121.7817,33.87,76,75,12.66,broken clouds
603,Beloha,MG,-25.1667,45.05,93.97,32,4,6.44,clear sky
604,Pyshchug,RU,58.8873,45.7134,34.84,84,80,6.98,light snow
605,Moranbah,AU,-22.0016,148.0466,84.94,34,24,10.89,few clouds
606,Klyuchi,RU,52.2667,79.1667,70.56,24,71,15.79,broken clouds
607,Gera,DE,50.8803,12.0819,46.15,86,100,13.2,overcast clouds
608,Palmer,US,42.1584,-72.3287,37.9,89,0,3.44,clear sky
609,Payson,US,40.0444,-111.7321,60.28,36,100,20.71,overcast clouds
610,Egvekinot,RU,66.3167,-179.1667,-10.44,83,55,11.86,broken clouds
611,Darnah,LY,32.767,22.6367,87.28,16,98,28.81,overcast clouds
612,Grants Pass,US,42.439,-123.3284,43.25,87,20,0.0,fog
613,Kaseda,JP,31.4167,130.3167,59.16,48,98,7.07,overcast clouds
614,Asfi,MA,32.2994,-9.2372,58.69,54,8,25.34,clear sky
615,Baddomalhi,PK,31.9928,74.6683,98.58,4,0,8.37,clear sky
616,Husavik,IS,66.0449,-17.3389,24.24,82,100,15.3,light snow
617,Porto Seguro,BR,-16.4497,-39.0647,73.92,94,40,5.75,scattered clouds
618,Sisimiut,GL,66.9395,-53.6735,23.97,92,86,1.41,overcast clouds
619,Wagar,SD,16.1525,36.2032,100.8,18,29,12.55,scattered clouds
620,Rocha,UY,-34.4833,-54.3333,47.35,44,0,2.48,clear sky
621,Pimenta Bueno,BR,-11.6725,-61.1936,70.39,99,100,2.01,overcast clouds
622,Shelburne,CA,44.0787,-80.2041,35.24,87,100,7.61,overcast clouds
623,San Vicente,AR,-26.6167,-54.1333,60.84,100,48,2.44,scattered clouds
624,Huilong,CN,31.8111,121.655,57.58,73,100,8.95,heavy intensity rain
625,Port Antonio,JM,18.18,-76.4612,78.71,87,25,8.34,scattered clouds
626,Benguela,AO,-12.5763,13.4055,79.48,73,21,5.55,few clouds
627,Yar-Sale,RU,66.8333,70.8333,26.73,93,98,3.53,overcast clouds
628,Carmen,MX,18.6333,-91.8333,78.73,75,4,17.98,clear sky
629,Igrim,RU,63.1906,64.4162,31.46,99,100,8.5,snow
630,Namatanai,PG,-3.6667,152.4333,80.22,82,100,6.58,light rain
631,Dali,CN,25.7,100.1833,67.89,47,69,4.09,broken clouds
632,Vorozhba,UA,51.1733,34.2192,41.7,46,100,19.1,overcast clouds
633,Mitu,CO,1.1983,-70.1733,71.29,99,100,1.66,overcast clouds
634,Tortoli,IT,39.9256,9.6572,49.82,76,40,5.75,scattered clouds
635,Sistranda,NO,63.7256,8.834,33.76,50,78,19.22,light snow
636,Alexandria,EG,31.2156,29.9553,82.94,21,84,8.3,broken clouds
637,Markova,UA,48.6758,24.4138,44.26,53,100,17.92,overcast clouds
638,Praya,CV,14.9215,-23.5087,70.93,72,19,13.24,few clouds
639,Port Hardy,CA,50.6996,-127.4199,42.8,93,100,6.91,light intensity shower rain
640,Kotovo,RU,50.3211,44.8012,42.76,47,100,12.03,overcast clouds
641,Tucurui,BR,-3.7661,-49.6725,73.33,99,100,1.97,light rain
642,Alberton,CA,46.8168,-64.0654,31.91,85,63,14.85,broken clouds
643,Ngunguru,NZ,-35.6167,174.5,67.77,88,100,8.93,overcast clouds
644,Gat,IL,31.61,34.7642,89.78,36,70,1.99,broken clouds
645,Ilhabela,BR,-23.7781,-45.3581,75.11,94,99,7.83,overcast clouds
646,Kara,TG,9.5511,1.1861,84.25,41,18,3.94,few clouds
647,Sao Joao De Pirabas,BR,-0.7747,-47.1772,74.43,94,100,3.0,moderate rain
648,San Ramon,US,37.7799,-121.978,54.5,87,0,5.75,clear sky
649,Kumi,KR,36.1136,128.336,69.48,30,100,8.48,overcast clouds
650,Agapia,RO,47.1667,26.2833,45.68,39,86,6.53,overcast clouds
651,Belyy Yar,RU,53.6039,91.3903,61.86,47,0,6.71,clear sky
652,Dhidhdhoo,MV,6.8833,73.1,83.89,69,10,4.07,clear sky
653,Changzhou,CN,31.7833,119.9667,66.9,58,71,4.54,broken clouds
654,Provideniya,RU,64.3833,-173.3,-0.71,85,36,9.46,scattered clouds
655,San Carlos Del Zulia,VE,9.0,-71.9135,74.19,96,100,4.05,overcast clouds
656,Salisbury,GB,51.0693,-1.7957,54.01,85,75,8.05,broken clouds
657,Zorgo,BF,12.2489,-0.6158,93.52,34,94,14.83,overcast clouds
658,Te Anau,NZ,-45.4167,167.7167,58.08,96,100,5.28,overcast clouds
659,Tres Arroyos,AR,-38.3739,-60.2798,52.48,41,15,15.9,few clouds
660,Lopsmarka,NO,67.3134,14.4493,23.81,64,0,10.36,clear sky
661,Serebryansk,KZ,49.6925,83.2892,37.65,100,100,5.57,overcast clouds
662,Yining,CN,29.0361,114.5636,65.95,62,98,2.15,overcast clouds
663,Kutum,SD,14.2,24.6667,93.51,9,33,15.03,scattered clouds
664,Ito,JP,34.9667,139.0833,57.94,85,52,3.78,broken clouds
665,Sitka,US,57.0531,-135.33,37.29,87,100,3.44,light rain
666,Imeni Poliny Osipenko,RU,52.4201,136.4853,25.75,96,100,17.45,snow
667,Itoman,JP,26.1247,127.6694,71.98,50,20,10.36,few clouds
668,Raga,SS,8.4596,25.678,100.81,25,9,3.6,clear sky
669,Sena Madureira,BR,-9.0656,-68.6569,71.83,93,78,0.43,broken clouds
670,Westport,US,41.1415,-73.3579,42.1,69,0,3.0,clear sky
671,Norton,ZW,-17.8833,30.7,74.28,51,37,2.26,light rain
672,Casper,US,42.8666,-106.3131,47.71,54,0,37.98,clear sky
673,Fort Smith,US,35.3859,-94.3986,60.84,85,40,5.75,scattered clouds
674,Hachinohe,JP,40.5,141.5,49.86,76,9,2.89,clear sky
675,Wanaka,NZ,-44.7,169.15,60.12,85,100,5.77,overcast clouds
676,Sawtell,AU,-30.3833,153.1,75.22,78,100,5.75,overcast clouds
677,Kitui,KE,-1.367,38.0106,82.87,45,54,8.08,broken clouds
678,Jasrana,IN,27.25,78.6833,105.91,3,43,11.01,scattered clouds
679,Coromandel,BR,-18.4733,-47.2003,62.37,80,0,2.82,clear sky
680,Anadyr,RU,64.75,177.4833,-3.5,77,0,8.95,clear sky
681,Sur,OM,22.5667,59.5289,91.6,35,0,3.36,clear sky
682,Esna,EG,25.2934,32.554,91.42,6,0,7.2,clear sky
683,Orizona,BR,-17.0314,-48.2958,62.04,77,2,2.21,clear sky
684,Bukachacha,RU,52.9833,116.9167,22.78,37,100,9.44,overcast clouds
685,Bamako,ML,12.65,-8.0,92.64,15,20,8.99,few clouds
686,Faya,SA,18.3851,42.4509,77.52,7,0,4.47,clear sky
687,Menongue,AO,-14.6585,17.691,74.84,69,59,4.27,broken clouds
688,Suchedniow,PL,51.0478,20.8292,41.02,97,100,17.18,overcast clouds
689,San Jeronimo,PE,-11.9472,-75.2829,43.23,85,33,1.99,scattered clouds
690,La Palma,US,33.8464,-118.0467,65.01,89,0,1.01,clear sky
691,Buin,CL,-33.7333,-70.75,67.05,40,0,2.44,clear sky
692,Half Moon Bay,US,37.4636,-122.4286,55.31,87,20,18.41,mist
693,Manokwari,ID,-0.8667,134.0833,81.25,81,53,5.03,broken clouds
694,Hualmay,PE,-11.0964,-77.6139,67.87,88,73,7.34,broken clouds
695,Antofagasta,CL,-23.65,-70.4,60.08,82,32,1.95,scattered clouds
696,Mwinilunga,ZM,-11.7358,24.4293,71.28,78,94,4.29,overcast clouds
697,Priupskiy,RU,53.9096,37.736,32.86,90,47,15.05,scattered clouds
698,Saurimo,AO,-9.6608,20.3916,72.3,81,100,3.85,overcast clouds
699,Eureka,US,40.8021,-124.1637,45.79,93,14,5.23,few clouds
700,Puerto Leguizamo,CO,-0.1934,-74.7819,69.98,99,98,0.96,overcast clouds
701,Olkhovka,RU,53.2115,60.6069,40.96,65,66,21.52,broken clouds
702,Urengoy,RU,65.9667,78.3667,33.73,100,100,7.11,overcast clouds
703,Omsukchan,RU,62.5333,155.8,7.52,97,100,3.83,light snow
704,Vicuna,CL,-30.0319,-70.7081,44.33,37,0,1.63,clear sky
705,Shihezi,CN,44.3,86.0333,74.01,14,49,4.72,scattered clouds
706,Sabang,ID,5.8933,95.3214,80.71,72,100,2.57,overcast clouds
707,Carutapera,BR,-1.195,-46.02,74.44,97,100,2.95,moderate rain
708,College,US,64.8569,-147.8028,13.28,70,40,0.0,scattered clouds
709,Vestmannaeyjar,IS,63.4427,-20.2734,31.19,93,100,8.05,mist
710,Andra,RU,62.5147,65.8878,33.87,100,100,7.81,snow
711,Sao Joao Da Barra,BR,-21.6403,-41.0511,74.64,89,8,9.28,clear sky
712,Bonavista,CA,48.6499,-53.1147,34.12,86,92,11.52,overcast clouds
713,Altay,CN,47.8667,88.1167,51.57,74,31,6.04,scattered clouds
714,Sabla,NG,12.7525,4.7077,96.57,29,57,11.01,broken clouds
715,Ranong,TH,9.9658,98.6348,78.73,88,99,4.79,overcast clouds
716,Yarmouth,US,41.7057,-70.2286,43.97,72,75,7.0,broken clouds
717,Arauco,CL,-37.2463,-73.3175,52.3,72,13,4.09,few clouds
718,Sungairaya,ID,0.7,108.9,86.36,61,25,7.83,scattered clouds
719,Chamba,IN,32.5667,76.1333,86.92,17,4,8.46,clear sky
720,Angoche,MZ,-16.2325,39.9086,84.4,65,3,7.72,clear sky
721,Oranjestad,AW,12.524,-70.027,78.75,78,20,17.27,few clouds
722,Bairnsdale,AU,-37.8333,147.6167,60.06,82,2,1.77,clear sky
723,Phan Thiet,VN,10.9333,108.1,87.46,59,63,20.58,broken clouds
724,Yichang,CN,30.7144,111.2847,79.03,36,74,4.18,broken clouds
725,Vilhena,BR,-12.7406,-60.1458,66.78,98,66,2.62,broken clouds
726,Ambulu,ID,-8.345,113.6058,83.03,75,18,6.82,few clouds
727,San Lazaro,BZ,18.0387,-88.6622,75.88,88,74,5.55,broken clouds
728,Aksay,RU,47.26,39.87,48.42,40,10,10.0,clear sky
729,Sakakah,SA,29.9697,40.2064,85.57,10,3,10.92,clear sky
730,Irbeyskoye,RU,55.6428,95.4522,43.34,96,100,3.06,overcast clouds
731,Liuhe,CN,42.2401,125.7172,44.4,26,51,13.85,broken clouds
732,Beira,MZ,-19.8436,34.8389,87.89,66,75,10.36,broken clouds
733,Dauphin,CA,51.1494,-100.0502,35.74,88,20,12.66,mist
734,Severnyy,RU,50.677,36.5532,41.04,38,0,13.42,clear sky
